{
  "version": 1,
  "author": "Anonymous maker",
  "editor": "wokwi",
  "parts": [
    { "type": "wokwi-arduino-uno", "id": "uno", "top": 0.6, "left": -0.6, "attrs": {} },
    { "type": "wokwi-servo", "id": "servo1", "top": 17.2, "left": 403.2, "attrs": {} }
  ],
  "connections": [
    [ "servo1:PWM", "uno:3", "green", [ "h-9.6", "v48.2", "h220.8", "v-154", "h-388" ] ],
    [ "servo1:V+", "uno:5V", "red", [ "h-48", "v163.3", "h-192" ] ],
    [ "servo1:GND", "uno:GND.2", "black", [ "h-67.2", "v153.6", "h-163.2" ] ]
  ],
  "dependencies": {}
}