{
  "version": 1,
  "author": "Anonymous maker",
  "editor": "wokwi",
  "parts": [
    { "type": "wokwi-arduino-uno", "id": "uno", "top": 0.6, "left": -0.6, "attrs": {} },
    {
      "type": "wokwi-resistor",
      "id": "r1",
      "top": -81.6,
      "left": 172.25,
      "rotate": 90,
      "attrs": { "value": "1000" }
    },
    {
      "type": "wokwi-resistor",
      "id": "r2",
      "top": -81.6,
      "left": 124.25,
      "rotate": 90,
      "attrs": { "value": "1000" }
    },
    {
      "type": "wokwi-led",
      "id": "led1",
      "top": -157.2,
      "left": 138.2,
      "attrs": { "color": "red" }
    },
    {
      "type": "wokwi-led",
      "id": "led2",
      "top": -157.2,
      "left": 186.2,
      "attrs": { "color": "green" }
    },
    { "type": "wokwi-logo", "id": "logo1", "top": 9.6, "left": 278.4, "attrs": {} },
    { "type": "wokwi-photoresistor-sensor", "id": "ldr1", "top": 281.6, "left": -76, "attrs": {} }
  ],
  "connections": [
    [ "r1:2", "uno:GND.1", "black", [ "h0", "v18", "h-96" ] ],
    [ "r2:2", "uno:GND.1", "black", [ "h0", "v8.4", "h-67.2" ] ],
    [ "led1:C", "r2:1", "green", [ "v0" ] ],
    [ "led2:C", "r1:1", "green", [ "v0" ] ],
    [ "led2:A", "uno:5", "green", [ "v0" ] ],
    [ "uno:9", "led1:A", "green", [ "v0" ] ],
    [ "ldr1:VCC", "uno:5V", "red", [ "h67.2" ] ],
    [ "ldr1:AO", "uno:A0", "green", [ "h115.2", "v-0.7" ] ],
    [ "ldr1:GND", "uno:GND.2", "black", [ "h76.8", "v-116.1" ] ]
  ],
  "dependencies": {}
}