{
  "version": 1,
  "author": "Anonymous maker",
  "editor": "wokwi",
  "parts": [
    { "type": "wokwi-arduino-uno", "id": "uno", "top": 0, "left": 0, "attrs": {} },
    { "type": "wokwi-neopixel", "id": "rgb1", "top": -3.5, "left": 383, "attrs": {} },
    { "type": "wokwi-neopixel", "id": "rgb2", "top": -3.5, "left": 344.6, "attrs": {} },
    { "type": "wokwi-neopixel", "id": "rgb3", "top": -3.5, "left": 421.4, "attrs": {} },
    { "type": "wokwi-neopixel", "id": "rgb4", "top": -3.5, "left": 459.8, "attrs": {} },
    { "type": "wokwi-neopixel", "id": "rgb5", "top": -3.5, "left": 498.2, "attrs": {} },
    { "type": "wokwi-neopixel", "id": "rgb6", "top": -3.5, "left": 536.6, "attrs": {} },
    { "type": "wokwi-neopixel", "id": "rgb7", "top": -3.5, "left": 575, "attrs": {} },
    { "type": "wokwi-neopixel", "id": "rgb8", "top": -3.5, "left": 613.4, "attrs": {} },
    {
      "type": "wokwi-neopixel",
      "id": "rgb9",
      "top": 22.9,
      "left": 383.2,
      "rotate": 180,
      "attrs": {}
    },
    {
      "type": "wokwi-neopixel",
      "id": "rgb10",
      "top": 22.9,
      "left": 344.8,
      "rotate": 180,
      "attrs": {}
    },
    {
      "type": "wokwi-neopixel",
      "id": "rgb11",
      "top": 25.3,
      "left": 421.4,
      "rotate": 180,
      "attrs": {}
    },
    {
      "type": "wokwi-neopixel",
      "id": "rgb12",
      "top": 25.3,
      "left": 459.8,
      "rotate": 180,
      "attrs": {}
    },
    {
      "type": "wokwi-neopixel",
      "id": "rgb13",
      "top": 25.3,
      "left": 498.2,
      "rotate": 180,
      "attrs": {}
    },
    {
      "type": "wokwi-neopixel",
      "id": "rgb14",
      "top": 25.3,
      "left": 536.6,
      "rotate": 180,
      "attrs": {}
    },
    {
      "type": "wokwi-neopixel",
      "id": "rgb15",
      "top": 25.3,
      "left": 575,
      "rotate": 180,
      "attrs": {}
    },
    {
      "type": "wokwi-neopixel",
      "id": "rgb16",
      "top": 25.3,
      "left": 613.4,
      "rotate": 180,
      "attrs": {}
    },
    { "type": "wokwi-neopixel", "id": "rgb17", "top": 54.1, "left": 383, "attrs": {} },
    { "type": "wokwi-neopixel", "id": "rgb18", "top": 54.1, "left": 344.6, "attrs": {} },
    { "type": "wokwi-neopixel", "id": "rgb19", "top": 54.1, "left": 421.4, "attrs": {} },
    { "type": "wokwi-neopixel", "id": "rgb20", "top": 54.1, "left": 459.8, "attrs": {} },
    { "type": "wokwi-neopixel", "id": "rgb21", "top": 54.1, "left": 498.2, "attrs": {} },
    { "type": "wokwi-neopixel", "id": "rgb22", "top": 54.1, "left": 536.6, "attrs": {} },
    { "type": "wokwi-neopixel", "id": "rgb23", "top": 54.1, "left": 575, "attrs": {} },
    { "type": "wokwi-neopixel", "id": "rgb24", "top": 54.1, "left": 613.4, "attrs": {} },
    { "type": "wokwi-neopixel", "id": "rgb25", "top": 169.3, "left": 383, "attrs": {} },
    { "type": "wokwi-neopixel", "id": "rgb26", "top": 169.3, "left": 344.6, "attrs": {} },
    { "type": "wokwi-neopixel", "id": "rgb27", "top": 169.3, "left": 421.4, "attrs": {} },
    { "type": "wokwi-neopixel", "id": "rgb28", "top": 169.3, "left": 459.8, "attrs": {} },
    { "type": "wokwi-neopixel", "id": "rgb29", "top": 169.3, "left": 498.2, "attrs": {} },
    { "type": "wokwi-neopixel", "id": "rgb30", "top": 169.3, "left": 536.6, "attrs": {} },
    { "type": "wokwi-neopixel", "id": "rgb31", "top": 169.3, "left": 575, "attrs": {} },
    { "type": "wokwi-neopixel", "id": "rgb32", "top": 169.3, "left": 613.4, "attrs": {} },
    { "type": "wokwi-neopixel", "id": "rgb33", "top": 111.7, "left": 383, "attrs": {} },
    { "type": "wokwi-neopixel", "id": "rgb34", "top": 111.7, "left": 344.6, "attrs": {} },
    { "type": "wokwi-neopixel", "id": "rgb35", "top": 111.7, "left": 421.4, "attrs": {} },
    { "type": "wokwi-neopixel", "id": "rgb36", "top": 111.7, "left": 459.8, "attrs": {} },
    { "type": "wokwi-neopixel", "id": "rgb37", "top": 111.7, "left": 498.2, "attrs": {} },
    { "type": "wokwi-neopixel", "id": "rgb38", "top": 111.7, "left": 536.6, "attrs": {} },
    { "type": "wokwi-neopixel", "id": "rgb39", "top": 111.7, "left": 575, "attrs": {} },
    { "type": "wokwi-neopixel", "id": "rgb40", "top": 111.7, "left": 613.4, "attrs": {} },
    {
      "type": "wokwi-neopixel",
      "id": "rgb41",
      "top": 80.5,
      "left": 383.2,
      "rotate": 180,
      "attrs": {}
    },
    {
      "type": "wokwi-neopixel",
      "id": "rgb42",
      "top": 80.5,
      "left": 344.8,
      "rotate": 180,
      "attrs": {}
    },
    {
      "type": "wokwi-neopixel",
      "id": "rgb43",
      "top": 82.9,
      "left": 421.4,
      "rotate": 180,
      "attrs": {}
    },
    {
      "type": "wokwi-neopixel",
      "id": "rgb44",
      "top": 82.9,
      "left": 459.8,
      "rotate": 180,
      "attrs": {}
    },
    {
      "type": "wokwi-neopixel",
      "id": "rgb45",
      "top": 82.9,
      "left": 498.2,
      "rotate": 180,
      "attrs": {}
    },
    {
      "type": "wokwi-neopixel",
      "id": "rgb46",
      "top": 82.9,
      "left": 536.6,
      "rotate": 180,
      "attrs": {}
    },
    {
      "type": "wokwi-neopixel",
      "id": "rgb47",
      "top": 82.9,
      "left": 575,
      "rotate": 180,
      "attrs": {}
    },
    {
      "type": "wokwi-neopixel",
      "id": "rgb48",
      "top": 82.9,
      "left": 613.4,
      "rotate": 180,
      "attrs": {}
    },
    {
      "type": "wokwi-neopixel",
      "id": "rgb49",
      "top": 138.1,
      "left": 383.2,
      "rotate": 180,
      "attrs": {}
    },
    {
      "type": "wokwi-neopixel",
      "id": "rgb50",
      "top": 138.1,
      "left": 344.8,
      "rotate": 180,
      "attrs": {}
    },
    {
      "type": "wokwi-neopixel",
      "id": "rgb51",
      "top": 140.5,
      "left": 421.4,
      "rotate": 180,
      "attrs": {}
    },
    {
      "type": "wokwi-neopixel",
      "id": "rgb52",
      "top": 140.5,
      "left": 459.8,
      "rotate": 180,
      "attrs": {}
    },
    {
      "type": "wokwi-neopixel",
      "id": "rgb53",
      "top": 138.1,
      "left": 498.4,
      "rotate": 180,
      "attrs": {}
    },
    {
      "type": "wokwi-neopixel",
      "id": "rgb54",
      "top": 140.5,
      "left": 536.6,
      "rotate": 180,
      "attrs": {}
    },
    {
      "type": "wokwi-neopixel",
      "id": "rgb55",
      "top": 140.5,
      "left": 575,
      "rotate": 180,
      "attrs": {}
    },
    {
      "type": "wokwi-neopixel",
      "id": "rgb56",
      "top": 140.5,
      "left": 613.4,
      "rotate": 180,
      "attrs": {}
    },
    {
      "type": "wokwi-neopixel",
      "id": "rgb57",
      "top": 195.7,
      "left": 383.2,
      "rotate": 180,
      "attrs": {}
    },
    {
      "type": "wokwi-neopixel",
      "id": "rgb58",
      "top": 195.7,
      "left": 344.8,
      "rotate": 180,
      "attrs": {}
    },
    {
      "type": "wokwi-neopixel",
      "id": "rgb59",
      "top": 195.7,
      "left": 421.6,
      "rotate": 180,
      "attrs": {}
    },
    {
      "type": "wokwi-neopixel",
      "id": "rgb60",
      "top": 195.7,
      "left": 460,
      "rotate": 180,
      "attrs": {}
    },
    {
      "type": "wokwi-neopixel",
      "id": "rgb61",
      "top": 193.3,
      "left": 498.6,
      "rotate": 180,
      "attrs": {}
    },
    {
      "type": "wokwi-neopixel",
      "id": "rgb62",
      "top": 195.7,
      "left": 536.8,
      "rotate": 180,
      "attrs": {}
    },
    {
      "type": "wokwi-neopixel",
      "id": "rgb63",
      "top": 195.7,
      "left": 575.2,
      "rotate": 180,
      "attrs": {}
    },
    {
      "type": "wokwi-neopixel",
      "id": "rgb64",
      "top": 195.7,
      "left": 613.6,
      "rotate": 180,
      "attrs": {}
    }
  ],
  "connections": [
    [ "rgb8:DIN", "uno:3", "green", [ "h-0.8", "v-48", "h-403.2" ] ],
    [ "rgb2:DIN", "rgb1:DOUT", "green", [ "h8.8", "v9.6" ] ],
    [ "rgb1:DIN", "rgb3:DOUT", "green", [ "h8.8", "v9.6" ] ],
    [ "rgb3:DIN", "rgb4:DOUT", "green", [ "h8.8", "v9.6" ] ],
    [ "rgb4:DIN", "rgb5:DOUT", "green", [ "h8.8", "v9.6" ] ],
    [ "rgb5:DIN", "rgb6:DOUT", "green", [ "h8.8", "v9.6" ] ],
    [ "rgb6:DIN", "rgb7:DOUT", "green", [ "h8.8", "v9.6" ] ],
    [ "rgb7:DIN", "rgb8:DOUT", "green", [ "h8.8", "v9.6" ] ],
    [ "rgb10:DOUT", "rgb9:DIN", "green", [ "h9.6", "v10.5" ] ],
    [ "rgb9:DOUT", "rgb11:DIN", "green", [ "h9.6", "v10.5" ] ],
    [ "rgb11:DOUT", "rgb12:DIN", "green", [ "h9.8", "v8.1" ] ],
    [ "rgb12:DOUT", "rgb13:DIN", "green", [ "h9.8", "v8.1" ] ],
    [ "rgb13:DOUT", "rgb14:DIN", "green", [ "h9.8", "v8.1" ] ],
    [ "rgb14:DOUT", "rgb15:DIN", "green", [ "h9.8", "v17.7" ] ],
    [ "rgb15:DOUT", "rgb16:DIN", "green", [ "h9.8", "v8.1" ] ],
    [ "rgb18:DIN", "rgb17:DOUT", "green", [ "h8.8", "v9.6" ] ],
    [ "rgb17:DIN", "rgb19:DOUT", "green", [ "h8.8", "v9.6" ] ],
    [ "rgb19:DIN", "rgb20:DOUT", "green", [ "h8.8", "v9.6" ] ],
    [ "rgb20:DIN", "rgb21:DOUT", "green", [ "h8.8", "v9.6" ] ],
    [ "rgb21:DIN", "rgb22:DOUT", "green", [ "h8.8", "v9.6" ] ],
    [ "rgb22:DIN", "rgb23:DOUT", "green", [ "h8.8", "v9.6" ] ],
    [ "rgb23:DIN", "rgb24:DOUT", "green", [ "h8.8", "v9.6" ] ],
    [ "rgb42:DOUT", "rgb41:DIN", "green", [ "h9.6", "v10.5" ] ],
    [ "rgb41:DOUT", "rgb43:DIN", "green", [ "h9.6", "v10.5" ] ],
    [ "rgb43:DOUT", "rgb44:DIN", "green", [ "h9.8", "v8.1" ] ],
    [ "rgb44:DOUT", "rgb45:DIN", "green", [ "h9.8", "v8.1" ] ],
    [ "rgb45:DOUT", "rgb46:DIN", "green", [ "h9.8", "v8.1" ] ],
    [ "rgb46:DOUT", "rgb47:DIN", "green", [ "h9.8", "v8.1" ] ],
    [ "rgb47:DOUT", "rgb48:DIN", "green", [ "h9.8", "v8.1" ] ],
    [ "rgb34:DIN", "rgb33:DOUT", "green", [ "h8.8", "v9.6" ] ],
    [ "rgb33:DIN", "rgb35:DOUT", "green", [ "h8.8", "v9.6" ] ],
    [ "rgb35:DIN", "rgb36:DOUT", "green", [ "h8.8", "v9.6" ] ],
    [ "rgb36:DIN", "rgb37:DOUT", "green", [ "h8.8", "v9.6" ] ],
    [ "rgb37:DIN", "rgb38:DOUT", "green", [ "h8.8", "v9.6" ] ],
    [ "rgb38:DIN", "rgb39:DOUT", "green", [ "h8.8", "v9.6" ] ],
    [ "rgb39:DIN", "rgb40:DOUT", "green", [ "h8.8", "v9.6" ] ],
    [ "rgb50:DOUT", "rgb49:DIN", "green", [ "h9.6", "v10.5" ] ],
    [ "rgb49:DOUT", "rgb51:DIN", "green", [ "h9.6", "v10.5" ] ],
    [ "rgb51:DOUT", "rgb52:DIN", "green", [ "h9.8", "v8.1" ] ],
    [ "rgb52:DOUT", "rgb53:DIN", "green", [ "h9.8", "v8.1" ] ],
    [ "rgb53:DOUT", "rgb54:DIN", "green", [ "h9.8", "v8.1" ] ],
    [ "rgb54:DOUT", "rgb55:DIN", "green", [ "h9.8", "v8.1" ] ],
    [ "rgb55:DOUT", "rgb56:DIN", "green", [ "h9.8", "v8.1" ] ],
    [ "rgb26:DIN", "rgb25:DOUT", "green", [ "h8.8", "v9.6" ] ],
    [ "rgb25:DIN", "rgb27:DOUT", "green", [ "h8.8", "v9.6" ] ],
    [ "rgb27:DIN", "rgb28:DOUT", "green", [ "h8.8", "v9.6" ] ],
    [ "rgb28:DIN", "rgb29:DOUT", "green", [ "h8.8", "v9.6" ] ],
    [ "rgb29:DIN", "rgb30:DOUT", "green", [ "h8.8", "v9.6" ] ],
    [ "rgb30:DIN", "rgb31:DOUT", "green", [ "h8.8", "v9.6" ] ],
    [ "rgb31:DIN", "rgb32:DOUT", "green", [ "h8.8", "v9.6" ] ],
    [ "rgb2:DOUT", "rgb10:DIN", "green", [ "h-19.2", "v27.9" ] ],
    [ "rgb16:DOUT", "rgb24:DIN", "green", [ "h19.4", "v27.3" ] ],
    [ "rgb18:DOUT", "rgb42:DIN", "green", [ "h-19.2", "v27.9" ] ],
    [ "rgb48:DOUT", "rgb40:DIN", "green", [ "h19.4", "v27.3" ] ],
    [ "rgb34:DOUT", "rgb50:DIN", "green", [ "h-19.2", "v27.9" ] ],
    [ "rgb56:DOUT", "rgb32:DIN", "green", [ "h19.4", "v27.3" ] ],
    [ "rgb8:VDD", "rgb7:VDD", "red", [ "v-9.6", "h-38.4" ] ],
    [ "rgb7:VDD", "rgb6:VDD", "red", [ "h0", "v-9.6", "h-38.4" ] ],
    [ "rgb6:VDD", "rgb5:VDD", "red", [ "h0", "v-9.6", "h-38.4" ] ],
    [ "rgb5:VDD", "rgb4:VDD", "red", [ "h0", "v-9.6", "h-38.4" ] ],
    [ "rgb4:VDD", "rgb3:VDD", "red", [ "h0", "v-9.6", "h-38.4" ] ],
    [ "rgb3:VDD", "rgb1:VDD", "red", [ "h0", "v-9.6", "h-38.4" ] ],
    [ "rgb1:VDD", "rgb2:VDD", "red", [ "h0", "v-9.6", "h-38.4" ] ],
    [ "rgb2:VDD", "rgb18:VDD", "red", [ "h-38.4", "v57.6" ] ],
    [ "rgb18:VDD", "rgb17:VDD", "red", [ "h0", "v-9.6", "h38.4" ] ],
    [ "rgb10:VDD", "rgb9:VDD", "red", [ "h0", "v9.6", "h38.4" ] ],
    [ "rgb17:VDD", "rgb19:VDD", "red", [ "h0", "v-9.6", "h38.4" ] ],
    [ "rgb9:VDD", "rgb11:VDD", "red", [ "h0", "v9.6", "h38.4" ] ],
    [ "rgb11:VDD", "rgb12:VDD", "red", [ "h0.2", "v7.2", "h38.4" ] ],
    [ "rgb19:VDD", "rgb20:VDD", "red", [ "h0", "v-9.6", "h38.4" ] ],
    [ "rgb20:VDD", "rgb21:VDD", "red", [ "h0", "v-9.6", "h38.4" ] ],
    [ "rgb12:VDD", "rgb13:VDD", "red", [ "h0.2", "v7.2", "h38.4" ] ],
    [ "rgb21:VDD", "rgb22:VDD", "red", [ "h0", "v-9.6", "h38.4" ] ],
    [ "rgb13:VDD", "rgb14:VDD", "red", [ "h0.2", "v7.2", "h38.4" ] ],
    [ "rgb22:VDD", "rgb23:VDD", "red", [ "h0", "v-9.6", "h38.4" ] ],
    [ "rgb14:VDD", "rgb15:VDD", "red", [ "h0.2", "v7.2", "h38.4" ] ],
    [ "rgb23:VDD", "rgb24:VDD", "red", [ "h0", "v-9.6", "h38.4" ] ],
    [ "rgb15:VDD", "rgb16:VDD", "red", [ "h0.2", "v7.2", "h38.4" ] ],
    [ "rgb16:VDD", "rgb48:VDD", "red", [ "h38.6", "v55.2" ] ],
    [ "rgb48:VDD", "rgb47:VDD", "red", [ "h0.2", "v7.2", "h-38.4" ] ],
    [ "rgb47:VDD", "rgb46:VDD", "red", [ "h0.2", "v7.2", "h-38.4" ] ],
    [ "rgb40:VDD", "rgb39:VDD", "red", [ "h0", "v-9.6", "h-38.4" ] ],
    [ "rgb39:VDD", "rgb38:VDD", "red", [ "h0", "v-9.6", "h-38.4" ] ],
    [ "rgb46:VDD", "rgb45:VDD", "red", [ "h0.2", "v7.2", "h-38.4" ] ],
    [ "rgb38:VDD", "rgb37:VDD", "red", [ "h0", "v-9.6", "h-38.4" ] ],
    [ "rgb37:VDD", "rgb36:VDD", "red", [ "h0", "v-9.6", "h-38.4" ] ],
    [ "rgb45:VDD", "rgb44:VDD", "red", [ "h0.2", "v7.2", "h-38.4" ] ],
    [ "rgb36:VDD", "rgb35:VDD", "red", [ "h0", "v-9.6", "h-38.4" ] ],
    [ "rgb35:VDD", "rgb33:VDD", "red", [ "h0", "v-9.6", "h-38.4" ] ],
    [ "rgb33:VDD", "rgb34:VDD", "red", [ "h0", "v-9.6", "h-38.4" ] ],
    [ "rgb44:VDD", "rgb43:VDD", "red", [ "h0.2", "v7.2", "h-38.4" ] ],
    [ "rgb43:VDD", "rgb41:VDD", "red", [ "h0.2", "v7.2", "h-38.4" ] ],
    [ "rgb41:VDD", "rgb42:VDD", "red", [ "h0", "v9.6", "h-38.4" ] ],
    [ "rgb34:VDD", "rgb26:VDD", "red", [ "h-38.4", "v57.6" ] ],
    [ "rgb26:VDD", "rgb25:VDD", "red", [ "h0", "v-9.6", "h38.4" ] ],
    [ "rgb50:VDD", "rgb49:VDD", "red", [ "h0", "v9.6", "h38.4" ] ],
    [ "rgb25:VDD", "rgb27:VDD", "red", [ "h0", "v-9.6", "h38.4" ] ],
    [ "rgb49:VDD", "rgb51:VDD", "red", [ "h0", "v9.6", "h38.4" ] ],
    [ "rgb27:VDD", "rgb28:VDD", "red", [ "h0", "v-9.6", "h38.4" ] ],
    [ "rgb28:VDD", "rgb29:VDD", "red", [ "h0", "v-9.6", "h38.4" ] ],
    [ "rgb29:VDD", "rgb30:VDD", "red", [ "h0", "v-9.6", "h38.4" ] ],
    [ "rgb30:VDD", "rgb31:VDD", "red", [ "h0", "v-9.6", "h38.4", "v19.2" ] ],
    [ "rgb31:VDD", "rgb32:VDD", "red", [ "h0", "v-9.6", "h38.4" ] ],
    [ "rgb51:VDD", "rgb52:VDD", "red", [ "h0.2", "v7.2", "h38.4" ] ],
    [ "rgb52:VDD", "rgb53:VDD", "red", [ "h0.2", "v7.2", "h38.4" ] ],
    [ "rgb53:VDD", "rgb54:VDD", "red", [ "h0", "v9.6", "h38.4" ] ],
    [ "rgb54:VDD", "rgb55:VDD", "red", [ "h0.2", "v7.2", "h38.4" ] ],
    [ "rgb55:VDD", "rgb56:VDD", "red", [ "h0.2", "v7.2", "h38.4" ] ],
    [ "rgb8:VSS", "rgb7:VSS", "black", [ "v8.7", "h-39.2" ] ],
    [ "rgb7:VSS", "rgb6:VSS", "black", [ "v8.7", "h-39.2" ] ],
    [ "rgb6:VSS", "rgb5:VSS", "black", [ "v8.7", "h-39.2" ] ],
    [ "rgb5:VSS", "rgb4:VSS", "black", [ "v8.7", "h-39.2" ] ],
    [ "rgb4:VSS", "rgb3:VSS", "black", [ "v8.7", "h-39.2" ] ],
    [ "rgb3:VSS", "rgb1:VSS", "black", [ "v8.7", "h-39.2" ] ],
    [ "rgb1:VSS", "rgb2:VSS", "black", [ "v8.7", "h-39.2" ] ],
    [ "rgb16:VSS", "rgb15:VSS", "black", [ "v-11.1", "h-37.4" ] ],
    [ "rgb15:VSS", "rgb14:VSS", "black", [ "v-11.1", "h-37.4" ] ],
    [ "rgb14:VSS", "rgb13:VSS", "black", [ "v-11.1", "h-37.4" ] ],
    [ "rgb13:VSS", "rgb12:VSS", "black", [ "v-11.1", "h-37.4" ] ],
    [ "rgb12:VSS", "rgb11:VSS", "black", [ "v-11.1", "h-37.4" ] ],
    [ "rgb11:VSS", "rgb9:VSS", "black", [ "v-11.1", "h-37.4" ] ],
    [ "rgb9:VSS", "rgb10:VSS", "black", [ "v-8.7", "h-37.6" ] ],
    [ "rgb10:VSS", "rgb42:VSS", "black", [ "v0.9", "h-28", "v57.6" ] ],
    [ "rgb42:VSS", "rgb41:VSS", "black", [ "v-8.7", "h39.2" ] ],
    [ "rgb41:VSS", "rgb43:VSS", "black", [ "v-8.7", "h39.2" ] ],
    [ "rgb43:VSS", "rgb44:VSS", "black", [ "v-11.1", "h39.4" ] ],
    [ "rgb44:VSS", "rgb45:VSS", "black", [ "v-11.1", "h39.4" ] ],
    [ "rgb45:VSS", "rgb46:VSS", "black", [ "v-11.1", "h39.4" ] ],
    [ "rgb46:VSS", "rgb47:VSS", "black", [ "v-11.1", "h39.4" ] ],
    [ "rgb47:VSS", "rgb48:VSS", "black", [ "v-11.1", "h39.4" ] ],
    [ "rgb24:VSS", "rgb23:VSS", "black", [ "v8.7", "h-39.2" ] ],
    [ "rgb23:VSS", "rgb22:VSS", "black", [ "v8.7", "h-39.2" ] ],
    [ "rgb22:VSS", "rgb21:VSS", "black", [ "v8.7", "h-39.2" ] ],
    [ "rgb21:VSS", "rgb20:VSS", "black", [ "v8.7", "h-39.2" ] ],
    [ "rgb20:VSS", "rgb19:VSS", "black", [ "v8.7", "h-39.2" ] ],
    [ "rgb19:VSS", "rgb17:VSS", "black", [ "v8.7", "h-39.2" ] ],
    [ "rgb17:VSS", "rgb18:VSS", "black", [ "v8.7", "h-39.2" ] ],
    [ "rgb8:VSS", "rgb24:VSS", "black", [ "v8.7", "h28", "v48" ] ],
    [ "rgb24:VSS", "rgb40:VSS", "black", [ "v8.7", "h28", "v48" ] ],
    [ "rgb40:VSS", "rgb39:VSS", "black", [ "v8.7", "h-39.2" ] ],
    [ "rgb39:VSS", "rgb38:VSS", "black", [ "v8.7", "h-0.8" ] ],
    [ "rgb38:VSS", "rgb37:VSS", "black", [ "v8.7", "h-39.2" ] ],
    [ "rgb37:VSS", "rgb36:VSS", "black", [ "v8.7", "h-39.2" ] ],
    [ "rgb36:VSS", "rgb35:VSS", "black", [ "v8.7", "h-39.2" ] ],
    [ "rgb35:VSS", "rgb33:VSS", "black", [ "v8.7", "h-0.8" ] ],
    [ "rgb33:VSS", "rgb34:VSS", "black", [ "v8.7", "h-39.2" ] ],
    [ "rgb50:VSS", "rgb49:VSS", "black", [ "v-8.7", "h39.2" ] ],
    [ "rgb49:VSS", "rgb51:VSS", "black", [ "v-8.7", "h39.2" ] ],
    [ "rgb51:VSS", "rgb52:VSS", "black", [ "v-11.1", "h39.4" ] ],
    [ "rgb52:VSS", "rgb53:VSS", "black", [ "v-11.1", "h39.4" ] ],
    [ "rgb53:VSS", "rgb54:VSS", "black", [ "v-8.7", "h39.2" ] ],
    [ "rgb54:VSS", "rgb55:VSS", "black", [ "v-11.1", "h39.4" ] ],
    [ "rgb55:VSS", "rgb56:VSS", "black", [ "v-11.1", "h39.4" ] ],
    [ "rgb40:VSS", "rgb32:VSS", "black", [ "v8.7", "h28", "v48" ] ],
    [ "rgb42:VSS", "rgb50:VSS", "black", [ "v0.9", "h-28", "v57.6" ] ],
    [ "rgb58:DOUT", "rgb57:DIN", "green", [ "h9.6", "v10.5" ] ],
    [ "rgb57:DOUT", "rgb59:DIN", "green", [ "h9.6", "v10.5" ] ],
    [ "rgb59:DOUT", "rgb60:DIN", "green", [ "h9.8", "v8.1" ] ],
    [ "rgb60:DOUT", "rgb61:DIN", "green", [ "h9.8", "v8.1" ] ],
    [ "rgb61:DOUT", "rgb62:DIN", "green", [ "h9.8", "v8.1" ] ],
    [ "rgb62:DOUT", "rgb63:DIN", "green", [ "h9.8", "v8.1" ] ],
    [ "rgb63:DOUT", "rgb64:DIN", "green", [ "h9.8", "v8.1" ] ],
    [ "rgb58:VDD", "rgb57:VDD", "red", [ "h0", "v9.6", "h38.4" ] ],
    [ "rgb57:VDD", "rgb59:VDD", "red", [ "h0", "v9.6", "h38.4" ] ],
    [ "rgb59:VDD", "rgb60:VDD", "red", [ "h0.2", "v9.6", "h38.2" ] ],
    [ "rgb60:VDD", "rgb61:VDD", "red", [ "h0.2", "v9.6", "h38.4" ] ],
    [ "rgb61:VDD", "rgb62:VDD", "red", [ "v12", "h38.2" ] ],
    [ "rgb62:VDD", "rgb63:VDD", "red", [ "h0.2", "v9.6", "h38.2" ] ],
    [ "rgb58:VSS", "rgb57:VSS", "black", [ "v-8.7", "h39.2" ] ],
    [ "rgb57:VSS", "rgb59:VSS", "black", [ "v-8.7", "h39.2" ] ],
    [ "rgb59:VSS", "rgb60:VSS", "black", [ "v-8.7", "h38.4" ] ],
    [ "rgb60:VSS", "rgb61:VSS", "black", [ "v-8.7", "h38.6" ] ],
    [ "rgb61:VSS", "rgb62:VSS", "black", [ "v-6.3", "h38.2" ] ],
    [ "rgb62:VSS", "rgb63:VSS", "black", [ "v-8.7", "h38.4" ] ],
    [ "rgb63:VSS", "rgb64:VSS", "black", [ "v-8.7", "h38.4" ] ],
    [ "rgb63:VDD", "rgb64:VDD", "red", [ "h0", "v9.6", "h38.4" ] ],
    [ "rgb50:VSS", "rgb58:VSS", "black", [ "v0.9", "h-28", "v56.7" ] ],
    [ "rgb26:DOUT", "rgb58:DIN", "green", [ "h-19.2", "v27.9" ] ],
    [ "rgb26:VSS", "rgb25:VSS", "black", [ "v8.7", "h37.6" ] ],
    [ "rgb25:VSS", "rgb27:VSS", "black", [ "v8.7", "h37.6" ] ],
    [ "rgb27:VSS", "rgb28:VSS", "black", [ "v8.7", "h37.6" ] ],
    [ "rgb28:VSS", "rgb29:VSS", "black", [ "v8.7", "h37.6" ] ],
    [ "rgb29:VSS", "rgb30:VSS", "black", [ "v8.7", "h37.6" ] ],
    [ "rgb30:VSS", "rgb31:VSS", "black", [ "v8.7", "h37.6" ] ],
    [ "rgb31:VSS", "rgb32:VSS", "black", [ "v8.7", "h37.6" ] ],
    [ "rgb56:VDD", "rgb64:VDD", "red", [ "h38.6", "v55.2" ] ],
    [ "rgb58:VDD", "uno:5V", "red", [ "h0", "v67.2", "h-192" ] ],
    [ "rgb58:VSS", "uno:GND.2", "black", [ "v0.9", "h-28", "v48", "h-134.4" ] ]
  ],
  "dependencies": {}
}